아이폰 13 256GB [자급제],"1,131,900원",https://cr.shopping.naver.com/adcr.nhn?x=u1L%2FnGMcw7QFE%2BWLZoLrwv%2F%2F%2Fw%3D%3DsKynNKtBFKIhTneVZBHy%2BnrpQ1Q4D7%2BVlwz0a5mnNpLyGgjNtjvRyY8TaEm3AQ5UwrcLZnfRGxbF1Bekm0GMz2jT8u71uSjQ5BIyX8LJ0adPJPv%2FOswITtgl4SE0aRwETuozb6j57kr30%2F72TK%2Bnart9%2BKy%2Fm0d%2BgYWHtEf61Jo5CNclKwvLyA%2Fys%2F%2FHPPajLymj3I0Ayg2aYacGIsBoPOmNmcbgLr0lu2cCLGgyX7c9vsepmwRk8o%2FCB4DgHhnjVBmP75jtN3clu%2FgUL7fNN9asJF1TG8DXvuOXRWh2aiSE1QmeK3ZPITzKHcbEnR%2BI8sXdD0UPGVpSr2HEIsE6zsPhCfXTyXza51Q3TYe0bFAnqdi3Q%2Fm8V2A5jR123nAwZ1e5lF9HDBfdoKpK57iPmYjoAB5CPfNNtftGcprVkT8NDk2nHMP4aHVCx%2FcONoE3uMmntoCe8DFB1UGpHveWqKw9Uv7%2BuXk8s9e0jSRo%2Fw%2BSYp14Qx1Ru2bMMjgBrsdBxgHrB9v3%2FE%2FypaujSUfju9A5S3f8Bsw%2FZaPnb0WgW%2FkGOv%2B%2BG7P8zZs54SDuTec41B9IL7DJpUk3AaC81dcBUrn9t61OSJipP%2B04Yhv4AEu9oaKZHilHbuauHUigNM5KA&nvMid=29029192591&catId=50001519
아이폰 13 미니 128GB [자급제],"728,790원",https://cr.shopping.naver.com/adcr.nhn?x=nrgbC%2BoiCGf7SDOknNODnf%2F%2F%2Fw%3D%3DsqVUBtJuAbUSPbBOITSvjoNeRER6N3X5wiRptIyGSyb2GgjNtjvRyY8TaEm3AQ5Uwe3HmsYT0H%2Fj0k8fTqnJ%2BEzT8u71uSjQ5BIyX8LJ0adPJPv%2FOswITtgl4SE0aRwETuozb6j57kr30%2F72TK%2Bnart9%2BKy%2Fm0d%2BgYWHtEf61Jo5CNclKwvLyA%2Fys%2F%2FHPPajL6vmS6IPw0N8PQDlZk4TeMmNmcbgLr0lu2cCLGgyX7c9vsepmwRk8o%2FCB4DgHhnjVBmP75jtN3clu%2FgUL7fNN9asJF1TG8DXvuOXRWh2aiSE1QmeK3ZPITzKHcbEnR%2BI8sO3jHlQbL%2Fs9CV4pdcvJeQ5OMVmshA7u%2BkoXVmud1wfqdi3Q%2Fm8V2A5jR123nAwZyiHrV%2BqNia8veU2Jhny714BD40iqWaNeYMpOus5JTYBDk2nHMP4aHVCx%2FcONoE3ucOT%2BRsdnHIzNMGl8g3WFM4UriKaNxXUAumzCkEtSNCwUVxRG4ldwD1%2BkE4NgSPi6RRDaDMTDaYN0Kt9EHaWlnJeWO%2B2OuUStYinGzHyf0sadSlPOZBN6V54TTL6u%2FzFsyUQvcT7y%2Bau6vGwLQuxcZO2DHFKppeXqCJJEv5zSCcoDfkLIyuldBS3f8m8e6nLmzUhNzs2VE%2B%2Bisqs3JAEppg%3D%3D&nvMid=29030650586&catId=50001519
아이폰 13 미니 256GB [자급제],"1,230,730원",https://cr.shopping.naver.com/adcr.nhn?x=lRyRiF0KRWo6a4REA0SQIP%2F%2F%2Fw%3D%3DsX1NX9pk2sSuIx%2FSZJor0N2w%2FCaQfhGU2Cf24fqjXeWfrlQPyQuHoHFsppYbPEdHaYLdhJIpYLQMbcm9Y56mE2hOYa5NhVDGwnfX51VYuti8bLebV%2Fe86qBoR0iIKSPStRbBT8a6%2FDim5%2FVQTfmQaI4ZnlrSZr8PDPdBCvs8uWtdeJxHcKH4rYUhc5SxvGs%2FQHFu7hQKMJ1DiSIn6Qv1RZSJO7jbxAC%2FhHJnJbE9pD225SET%2FmTh%2Bwr3iKnDGr9FR8IxUNruEwWAI2yDcS1eL5quKWQN4b7WstTXVRp4V%2Fd2Kx7G3krbJiQXzryuwwOqJtvlzXGrpjCA9xMBUXFAA%2Fab2JjrTb8Kl7n3hpkskH5%2F1QQzCLreNp8sjPDBjStixjQaGLcMmduX4DYWfbsi2VGBT7SMKEEWA0f6R2waC%2F2dFiBdPxTSuvYOb67FAYBAGWR34PGgX21IX5FwB8U%2FAXwb3eAmUpLAW0oMcgSl2cZpD%2FkFMO4s7sTx4sbc7XXXQvaOjGxMtdSZf0nL3LrxHbPhSnuexf8UTs1r12P%2BxdtnC0hiHfmfzmAI0X1cC502K9KmPva7npcJYINAC3uvHOJTbjgJSW5LFu8n%2FCUPA70XnMN4BUpi6NFTaZnfHd1XEQdAiJdwXirBRdnaxfvrBbw%3D%3D&nvMid=29030437590&catId=50001519
아이폰 13 128GB [자급제],"969,000원",https://cr.shopping.naver.com/adcr.nhn?x=okW%2BYfPg7Ax9LI7Hpi5nbv%2F%2F%2Fw%3D%3DsL6SGkWHvWy%2BIr7mkeWMnkpDz1snn0JBRso%2FhkSrC2feGgjNtjvRyY8TaEm3AQ5UwPjeAdyngVX%2Bw8xOXwbfX3jT8u71uSjQ5BIyX8LJ0adPJPv%2FOswITtgl4SE0aRwETuozb6j57kr30%2F72TK%2Bnart9%2BKy%2Fm0d%2BgYWHtEf61Jo5CNclKwvLyA%2Fys%2F%2FHPPajL5rmSYJSQ7Q%2FSdegndTkuDGNmcbgLr0lu2cCLGgyX7c9vsepmwRk8o%2FCB4DgHhnjVBmP75jtN3clu%2FgUL7fNN9asJF1TG8DXvuOXRWh2aiSE1QmeK3ZPITzKHcbEnR%2BI83pKh%2BXMSGjllEbJSmGLKsR7fM3EWus5vV0KsjIEBFQrqdi3Q%2Fm8V2A5jR123nAwZNfmUOLVK%2FQxGqCna6wDvzLFJegG5cjolqXymF9sHTJBDk2nHMP4aHVCx%2FcONoE3ucVl9zsZvbcebfQHqQGTPjg9Uv7%2BuXk8s9e0jSRo%2Fw%2BSYp14Qx1Ru2bMMjgBrsdBxnZpSY%2FPCeMIqdFEi9NXHf9V7z2uW9Qx14AEmtsX8YXv6C0XXk8ySaOQ0OaLzzIxFG%2F2TFZTsbIzs7OOc0bxyc5s%2FepF3tebV8VR3pWBNnWXLVWGr8fvvH1mWvUgXPK6j&nvMid=29030374587&catId=50001519
아이폰 13 프로 256GB [자급제],"2,198,000원",https://cr.shopping.naver.com/adcr.nhn?x=KkalTr0F40TVvWySz2e2H%2F%2F%2F%2Fw%3D%3DsdhcBj4MOb57048vLHOyuiHIN0Ejz7F3D6m4OnECupTHrlQPyQuHoHFsppYbPEdHaqhCm7BM%2Bas1VRcnVl90tl8XDnz9Il83DKrkSWHpqpj8bLebV%2Fe86qBoR0iIKSPStRbBT8a6%2FDim5%2FVQTfmQaI4ZnlrSZr8PDPdBCvs8uWtdeJxHcKH4rYUhc5SxvGs%2FQvJgHOaoIo6xlSmB%2FOKSFjyJO7jbxAC%2FhHJnJbE9pD225SET%2FmTh%2Bwr3iKnDGr9FR8IxUNruEwWAI2yDcS1eL5quKWQN4b7WstTXVRp4V%2Fd2Kx7G3krbJiQXzryuwwOqJ8KZZmH8Siq5LlOXxFwtuU7Ij3QSx4Twti5dIJ6QjQ2H1QQzCLreNp8sjPDBjStixjQaGLcMmduX4DYWfbsi2VN%2F%2FYQGXZHgYXhkyyFcKBlxFiBdPxTSuvYOb67FAYBAGpxy2zgNMJa1at1GSrSd0QLDi%2F4S2DCpuYr7VbV1dmlND%2FkFMO4s7sTx4sbc7XXXQvaOjGxMtdSZf0nL3LrxHbFQ6Qjo21%2FcHlOLeV9jDhxvC0hiHfmfzmAI0X1cC502KHYS%2Ffe75Izag9ltmMMzG%2F7uQep%2BNhbr1E7%2BgkqxZljvnMN4BUpi6NFTaZnfHd1XEQdAiJdwXirBRdnaxfvrBbw%3D%3D&nvMid=29030492586&catId=50001519
아이폰 13 프로 128GB [자급제],"1,690,000원",https://cr.shopping.naver.com/adcr.nhn?x=whYL2qyRWfOaZVMlW42S6P%2F%2F%2Fw%3D%3DsbcQtcP3G8jY0Y4CuVRjAyOAQ6WnfAQQ%2BNMUeeUsBlAxN4NgkrPIjlczCBjhk2dSM%2B381wRtyBmOh5WfCeA1b6TpCvUyOCzdpXRIueIFF2p0302fhXH%2FT1fr6MRLZ91OZ6G0QekoSpESiRc7ZRaEMMcv%2BjB2erv%2BZ%2Brrs5VHOiTQgGE7%2BZatKjf5hEf1XctkK2geXZy3Q9F6n45539rDBRZbkCnZt3PKDnGtnPfTpWXV9gLRMuJH34gK%2BdKxxm2wLTjV%2BLij5ory5MncPjm61HUPg%2F6PYJW9LpCSumzPJoigK7CtQzZWLlur1%2FFge4%2BEpn1o6CAhlswQxHHvqCM0R5PP5bVHptupGdQJ9Bcu5HskbV9SohnsJOp40F4RSK4iNC6laf6hLfskeaglqqK%2B1uy6UxJeah0Om0lkIOZtT9ZLxLbU57LuNzmnFLwGq45KovtNin%2Brw3R1h4tZ%2FeJRj8b2VsIAdSBjHtTdXYc693jejriJ8H0NV5nx9%2BVr0aUV2wXleBrmxo3QK%2BInhDFbQHUfC%2Bfpe28CmlRmo37YME%2FmIDf9TYDOC4LzgCehLsur5COmngBNqU5hWtl%2BSrEtE%2FxGeotXDfBCoWH1slLFWDilXc50eBITwugSNPH3Ok09sVpGw61BSdoQRvEGgfFlc5w%3D%3D&nvMid=29030420587&catId=50001519
아이폰 13 프로 맥스 256GB [자급제],"1,790,000원",https://cr.shopping.naver.com/adcr.nhn?x=Bxv6DsRDyEuO9TE7IcTz%2Bv%2F%2F%2Fw%3D%3DsKrzAfh4NW5Bw1XvrncCGTFQ061PqVkPit1GP3HoWssKGgjNtjvRyY8TaEm3AQ5UweQdbdiFOoMAnAmRGuHD5STT8u71uSjQ5BIyX8LJ0adPJPv%2FOswITtgl4SE0aRwETuozb6j57kr30%2F72TK%2Bnart9%2BKy%2Fm0d%2BgYWHtEf61Jo5CNclKwvLyA%2Fys%2F%2FHPPajLFwJLY7jZl%2ByD9qyNvqbno2NmcbgLr0lu2cCLGgyX7c9vsepmwRk8o%2FCB4DgHhnjVBmP75jtN3clu%2FgUL7fNN9asJF1TG8DXvuOXRWh2aiSE1QmeK3ZPITzKHcbEnR%2BI8c6d9V8yOJP6vDubItNWlllHwRPXf4laX%2B%2BiyCWyZJ%2FPqdi3Q%2Fm8V2A5jR123nAwZbiixqaTKLzmIOkMehV9BZMIcmJywkR5Qyl4Eo5J991ZDk2nHMP4aHVCx%2FcONoE3uVxrykmdUCWVn8SXvu0QPtAMC8VRZxDY4cjIIz6rWwYjlE80KNwbfNxekQsGJejRksTXhzeKkynwlV5iG42bUw6MJt0ygpyR34nrXMZOkaa3WG7pAI9OhDzEc8BXUOEwgv4YGjJCSIW1IvBxXT1wG9xds2%2Fe7XnSPhF58JMhVWW76cQyZFIIEJuSya%2FftEhk4hWw3%2BIByOa0jCVNQVnCDoA%3D%3D&nvMid=29030294588&catId=50001519
아이폰 13 미니 128GB [SKT],"210,000원",https://cr.shopping.naver.com/adcr.nhn?x=TEJbP%2B%2B7qIH1RYlppxuOqv%2F%2F%2Fw%3D%3DsPX61QP0w%2B79EjUVgYY2cYRuCBDd0zaNq91BpFpE5MBbrlQPyQuHoHFsppYbPEdHaroahpZQA9VFtk%2FYHYocNOPnvuPZopg592oWoU7BfjFobLebV%2Fe86qBoR0iIKSPStRbBT8a6%2FDim5%2FVQTfmQaI4ZnlrSZr8PDPdBCvs8uWtdeJxHcKH4rYUhc5SxvGs%2FQQpsVa9wKetYAXvFgczGStSJO7jbxAC%2FhHJnJbE9pD225SET%2FmTh%2Bwr3iKnDGr9FR8IxUNruEwWAI2yDcS1eL5quKWQN4b7WstTXVRp4V%2Fd2Kx7G3krbJiQXzryuwwOqJ92Y4hxc%2Fra4dka83bexEkf4CCMaGSy4ZscZyiiIYonz1QQzCLreNp8sjPDBjStixt%2Bg%2BhbaHVn4xble53U4VTff1CLv%2BaIFC8TDF%2F45MadJFiBdPxTSuvYOb67FAYBAGWR34PGgX21IX5FwB8U%2FAX0P7O2UzPI4AlY7SPgnHjDCjriJ8H0NV5nx9%2BVr0aUV23FvRVasu%2BQg3BnUDT5OEjqxH3hy97PKM2rH9S2kJUixicchwRNwmJ84TyxvjggzFbDSP%2FbfDhXDfKbBqdgYRG15zbXSpXVTzHS58rX8V6hLke%2FVP%2BgM94BPZkP5YJ%2Bex&nvMid=29030427586&catId=50000246
아이폰 13 미니 512GB [자급제],"1,579,990원",https://cr.shopping.naver.com/adcr.nhn?x=xYOqM4H36uXhFK0m7eTcX%2F%2F%2F%2Fw%3D%3DsIaUr0fPPLTc628u8LiDag6mkJ6NfCTcu4%2FvMklG6NjqGgjNtjvRyY8TaEm3AQ5UwJqys9xVkkUn4FxKgixYqMjT8u71uSjQ5BIyX8LJ0adPJPv%2FOswITtgl4SE0aRwETuozb6j57kr30%2F72TK%2Bnart9%2BKy%2Fm0d%2BgYWHtEf61Jo5CNclKwvLyA%2Fys%2F%2FHPPajLAv6mDD2uTNJECH9p%2Be0Yi2NmcbgLr0lu2cCLGgyX7c9vsepmwRk8o%2FCB4DgHhnjVBmP75jtN3clu%2FgUL7fNN9asJF1TG8DXvuOXRWh2aiSE1QmeK3ZPITzKHcbEnR%2BI8%2FUeIB%2BMNjxtmvl4rpH4Nj2NmvmEJFaBCG4WskTuUP9Tqdi3Q%2Fm8V2A5jR123nAwZWv390Y6uVBXohIloc6Yu3LFJegG5cjolqXymF9sHTJBDk2nHMP4aHVCx%2FcONoE3ucOT%2BRsdnHIzNMGl8g3WFM%2BjBHdWnQFVaqW4CmZIXnyUUVxRG4ldwD1%2BkE4NgSPi6dykU%2FJeiIZetkePkTUpOtiZwXATW%2FcpNORYbuWD5Va8BhNg6pO%2F%2Bw6bSRwW%2FduOkKEnegiMwOLZVK0yCf1KDH4CNQlmqQ69vcG%2Fxy2anGu9vU2Y6hEEwGxc1AZfON9sL4VRAH%2BsMDObarUodGweR8Q%3D%3D&nvMid=29030296587&catId=50001519
아이폰 13 프로 1TB [자급제],"1,639,520원",https://cr.shopping.naver.com/adcr.nhn?x=tm3DrMWb0wfXE4E8IPG%2BiP%2F%2F%2Fw%3D%3DsKhKD9rIfSZV8Xh8Qcu5nXeFspVPYqX0t88YZymX8XhSGgjNtjvRyY8TaEm3AQ5Uw4ZsvnJ9kUEumdgoBU1%2BxejT8u71uSjQ5BIyX8LJ0adPJPv%2FOswITtgl4SE0aRwETuozb6j57kr30%2F72TK%2Bnart9%2BKy%2Fm0d%2BgYWHtEf61Jo5CNclKwvLyA%2Fys%2F%2FHPPajLnGSGtfC7HsVtItJ58Wx%2BqWNmcbgLr0lu2cCLGgyX7c9vsepmwRk8o%2FCB4DgHhnjVBmP75jtN3clu%2FgUL7fNN9asJF1TG8DXvuOXRWh2aiSE1QmeK3ZPITzKHcbEnR%2BI84cdDvxbY0PjMriQwUs7FgsslXhxerjGW0hLzV9NDCi3qdi3Q%2Fm8V2A5jR123nAwZ1e5lF9HDBfdoKpK57iPmYsIcmJywkR5Qyl4Eo5J991ZDk2nHMP4aHVCx%2FcONoE3uVxrykmdUCWVn8SXvu0QPtALJPdorhjhh79bCXm5BZ7GE4FQdvRmo7oxOSvwywmch%2BPn%2F0%2FsFFiwjT7S5BsR0E6un3GyRrOEnvWf14MI2RuMNauEcRynSn%2F8orOK7nc9029J%2BvEedTOk%2FwzLU00HaUZ6p5yWVpm2uysHyx7R6PiUDfkLIyuldBS3f8m8e6nLmzUhNzs2VE%2B%2Bisqs3JAEppg%3D%3D&nvMid=29029192588&catId=50001519
아이폰 13 프로 512GB [자급제],"1,895,990원",https://cr.shopping.naver.com/adcr.nhn?x=UZ8oEeKeRMXHSCFkgysaiP%2F%2F%2Fw%3D%3DsVH1HwPI0pPGRR1LR6ZARFUW3S7R2g%2BEFzqGISl1pKkSGgjNtjvRyY8TaEm3AQ5UwxJTjPzBSzYRrK3QxchWphzT8u71uSjQ5BIyX8LJ0adPJPv%2FOswITtgl4SE0aRwETuozb6j57kr30%2F72TK%2Bnart9%2BKy%2Fm0d%2BgYWHtEf61Jo5CNclKwvLyA%2Fys%2F%2FHPPajLiYCoXVZpYWHK%2BSJmDHKCzmNmcbgLr0lu2cCLGgyX7c9vsepmwRk8o%2FCB4DgHhnjVBmP75jtN3clu%2FgUL7fNN9asJF1TG8DXvuOXRWh2aiSE1QmeK3ZPITzKHcbEnR%2BI8y%2BB45e3X3nbUPTPYuCcNyTJWemVoq754kA46cC6u1H%2Fqdi3Q%2Fm8V2A5jR123nAwZuFm0YjZ5yjETBgksmMvVxrFJegG5cjolqXymF9sHTJBDk2nHMP4aHVCx%2FcONoE3uVxrykmdUCWVn8SXvu0QPtERLpEuyn3rZvBzo%2B%2BJwFO0UVxRG4ldwD1%2BkE4NgSPi63URfBmTORH7vj%2FpLXIzcjvOKNRRs4gqh6AaSzFpAAIABhNg6pO%2F%2Bw6bSRwW%2FduOkxSY5Bk7Q6%2FFabp%2Fuzl%2BG6ODDhCu3s8RQKZpZeVFqx6oBNCgGhnJoYyA8V4j2ARcNDVCYCaeglF2rgr1u2OQIzQ%3D%3D&nvMid=29030416587&catId=50001519
아이폰 13 프로 맥스 512GB [자급제],"1,790,000원",https://cr.shopping.naver.com/adcr.nhn?x=8irk%2FamTI%2BtvmTWIu7rlXv%2F%2F%2Fw%3D%3DsUGvccr4nwM%2BZ0wJAF%2BcAM23pfkS4x9wDIPjFjrZLfu7rlQPyQuHoHFsppYbPEdHafsmu5oX6nd1h7edVCUWqWcouXbnbv3QcyAn3L4Qey70bLebV%2Fe86qBoR0iIKSPStRbBT8a6%2FDim5%2FVQTfmQaI4ZnlrSZr8PDPdBCvs8uWtdeJxHcKH4rYUhc5SxvGs%2FQ1l6YoWQhCMdLuiONCMVhkSJO7jbxAC%2FhHJnJbE9pD225SET%2FmTh%2Bwr3iKnDGr9FR8IxUNruEwWAI2yDcS1eL5quKWQN4b7WstTXVRp4V%2Fd2Kx7G3krbJiQXzryuwwOqJ8KZZmH8Siq5LlOXxFwtuUzux3YWXO7cJzbMpucsbkBv1QQzCLreNp8sjPDBjStixlfxinuJIcXbelONAuMrnG9L60K7w3RootRi5qyN45X9FiBdPxTSuvYOb67FAYBAGpxy2zgNMJa1at1GSrSd0QLbuzmWacN92LOvitfD%2BwvUN%2FOXq06xFLlMCwNDQObjPLcqEhOiscytOptfh0D9%2BAkk16oed1GXrY9sZ4sGAaI6FJHyQte3%2F5RyBWDMOfhquEs8cFUTVf2EXpmSuc9bAhBiOo%2B%2BG92c71onbiVZJXxjUqefznqQ3iCjVNPNrIbRoxyAhEKTy%2B0Zvtn8oYxIR0Q%3D%3D&nvMid=29029192586&catId=50001519
아이폰 13 프로 맥스 128GB [자급제],"1,928,990원",https://cr.shopping.naver.com/adcr.nhn?x=1awEWXPiv11fHh5Hc7nyDf%2F%2F%2Fw%3D%3Ds%2FxBNsPdwcDSaDNYdNqg%2FhxYPqek0Ox79vKGSLeG%2BkdCGgjNtjvRyY8TaEm3AQ5UwOL9IqPPRk%2Ft07PaH6yfx5jT8u71uSjQ5BIyX8LJ0adPJPv%2FOswITtgl4SE0aRwETuozb6j57kr30%2F72TK%2Bnart9%2BKy%2Fm0d%2BgYWHtEf61Jo5CNclKwvLyA%2Fys%2F%2FHPPajLCLK1IiVYHoJNpNr5Mls8y2NmcbgLr0lu2cCLGgyX7c9vsepmwRk8o%2FCB4DgHhnjVBmP75jtN3clu%2FgUL7fNN9asJF1TG8DXvuOXRWh2aiSE1QmeK3ZPITzKHcbEnR%2BI8Jr2885hht9VbOzOzWBvmw2doQWLqiW64lfFV%2BhETsojqdi3Q%2Fm8V2A5jR123nAwZsEkqrm31TyUxxpiWYQMXG7FJegG5cjolqXymF9sHTJBDk2nHMP4aHVCx%2FcONoE3uVxrykmdUCWVn8SXvu0QPtCC%2FOSQKpmiFUQRvI9TGNtDlE80KNwbfNxekQsGJejRksTXhzeKkynwlV5iG42bUw7Jaff2rwgEeu%2BUnow7%2B5Sp%2BNgvQyNRGgrgfPs7e%2F0ulv4YGjJCSIW1IvBxXT1wG9%2BxU%2BI3%2BhIuyORWgla%2FZm4ybP3qRd7Xm1fFUd6VgTZ1ly1Vhq%2FH77x9Zlr1IFzyuow%3D%3D&nvMid=29030367587&catId=50001519
Apple 아이폰 13 미니 128GB [LG U+],"199,600원",https://cr.shopping.naver.com/adcr.nhn?x=0zBX0kFKW8hnM77fIhDqaf%2F%2F%2Fw%3D%3Ds6NO6SKeXH8MFmlS4F61uKZ9Wo0tz2ROQu2ntOunKwYzrlQPyQuHoHFsppYbPEdHahXIP92Ily5Fa66lSbEprmjgUWP2nI1ckCnrzrRb1Yg8bLebV%2Fe86qBoR0iIKSPStRbBT8a6%2FDim5%2FVQTfmQaI4ZnlrSZr8PDPdBCvs8uWtdeJxHcKH4rYUhc5SxvGs%2FQ7pbwbHSh%2FX5BFJKMjiN3fSJO7jbxAC%2FhHJnJbE9pD225SET%2FmTh%2Bwr3iKnDGr9FR8IxUNruEwWAI2yDcS1eL5quKWQN4b7WstTXVRp4V%2Fd2Kx7G3krbJiQXzryuwwOqJr5PpkI7LBE99uOb9h08BzK5W%2FW5y%2FnnjI6eeol1Kk%2Fb1QQzCLreNp8sjPDBjStixj1OT%2BvUJUOEzwKKBwf%2FstXQH7giPWipSbhzyJH0f5o1FiBdPxTSuvYOb67FAYBAGWR34PGgX21IX5FwB8U%2FAX9zmytkD7l5LND%2BfWVSSY9qhzDfp6Y5Zq42WobtISlGzczqAKNrj%2B167McFp%2BXTfFlD4uGwVcAuK3ntJdO%2BH7XoNauEcRynSn%2F8orOK7nc90uUTwnQ83dAxHMLI63%2BHEBksROUMoEWbIdzl280uBQusDfkLIyuldBS3f8m8e6nLmzUhNzs2VE%2B%2Bisqs3JAEppg%3D%3D&nvMid=29030431586&catId=50000248
아이폰 13 프로 맥스 1TB [자급제],"1,879,890원",https://cr.shopping.naver.com/adcr.nhn?x=BGx1SFdZzIwFmGBsyx%2Fgfv%2F%2F%2Fw%3D%3Ds2CMChpT3ggD43o3KlKzgVAkuqmZwLEA1NJZBiFaAS5iGgjNtjvRyY8TaEm3AQ5Uw4z2jSX8RAR%2Fv%2F7lpe4rYRjT8u71uSjQ5BIyX8LJ0adPJPv%2FOswITtgl4SE0aRwETuozb6j57kr30%2F72TK%2Bnart9%2BKy%2Fm0d%2BgYWHtEf61Jo5CNclKwvLyA%2Fys%2F%2FHPPajLC%2BPy9MaCZsnTGtLGSpgz82NmcbgLr0lu2cCLGgyX7c9vsepmwRk8o%2FCB4DgHhnjVBmP75jtN3clu%2FgUL7fNN9asJF1TG8DXvuOXRWh2aiSE1QmeK3ZPITzKHcbEnR%2BI8i65G4DQ0muqtTm%2FsXkT4tOzjXeAzyXzD2hp2Ys%2Ba4Szqdi3Q%2Fm8V2A5jR123nAwZ1e5lF9HDBfdoKpK57iPmYlu04kXdaYr69N9dWySazW1Dk2nHMP4aHVCx%2FcONoE3uVxrykmdUCWVn8SXvu0QPtKmYFAk2xiJMsXSeTiKR0ggi5HSrzhhCOMWuXdZxvGXvk9L6rt0SOVsUsc5EylGdlQhICsYNETTLlo2A%2Bp%2FCF%2FXmHk%2FLTRk%2FwdKd80loFBR7Oozrw0F%2BzIU1xj1pfooGGVgHxzWXZ1jkrR0FtACQRerGpB8SPP7RIqVN%2FYl2ttzdDhLBwu%2FFQS5xWYf5w6G3jQ%3D%3D&nvMid=29029192590&catId=50001519
아이폰 13 512GB [자급제],"1,200,000원",https://cr.shopping.naver.com/adcr.nhn?x=2H7EXbscpnu%2B6v2Dq0ZqCv%2F%2F%2Fw%3D%3DssMxvhPR4PL6HeosLG1aostsY785PqM0CI76GfEeWQ8tN4NgkrPIjlczCBjhk2dSM5Yt59nKlnM1lxymfdKX5WzpCvUyOCzdpXRIueIFF2p0302fhXH%2FT1fr6MRLZ91OZ6G0QekoSpESiRc7ZRaEMMcv%2BjB2erv%2BZ%2Brrs5VHOiTQgGE7%2BZatKjf5hEf1XctkKd9m%2BLxP%2FPGMcWnBQjed9gpbkCnZt3PKDnGtnPfTpWXV9gLRMuJH34gK%2BdKxxm2wLTjV%2BLij5ory5MncPjm61HUPg%2F6PYJW9LpCSumzPJoigK7CtQzZWLlur1%2FFge4%2BEpgnHq%2BEX5PrsLun55RxkB0snFrN04wx1b%2BHNUqrF7rbkbV9SohnsJOp40F4RSK4iNFcdYzuBco3Mrzku%2B7RlKGy6UxJeah0Om0lkIOZtT9ZLxLbU57LuNzmnFLwGq45KoEM1GB5uTeGVjKntrdsidgc9Tqme0YK6uG79Xy6idNiHlfowHcl1ucGiE6LxBjaayo7SahbxFiQHKCX6pGetPJTzUaLji1QUfW5FQpucBI9B7N0%2BKs0gSFTdhwMrBXaDkZ2LtRiRln2lrfw1xTgRhkvpxDJkUggQm5LJr9%2B0SGTiFbDf4gHI5rSMJU1BWcIOg&nvMid=29030496586&catId=50001519
Apple 아이폰 13 128GB [LG U+],"147,500원",https://cr.shopping.naver.com/adcr.nhn?x=nyjo96HNZeifFBHxLeSUlf%2F%2F%2Fw%3D%3DsqoPThLB4vkjuFgM%2F33RfdHkvdDhRexm%2Fn07ljT6mdtiGgjNtjvRyY8TaEm3AQ5UwChIBSI4n7EaL5LAORoBn%2BjT8u71uSjQ5BIyX8LJ0adPJPv%2FOswITtgl4SE0aRwETuozb6j57kr30%2F72TK%2Bnart9%2BKy%2Fm0d%2BgYWHtEf61Jo5CNclKwvLyA%2Fys%2F%2FHPPajLF5xNEd4OxamWQ%2BcHLqvQ1mNmcbgLr0lu2cCLGgyX7c9vsepmwRk8o%2FCB4DgHhnjVBmP75jtN3clu%2FgUL7fNN9asJF1TG8DXvuOXRWh2aiSE1QmeK3ZPITzKHcbEnR%2BI8swlVvBKGccUrFRbv79%2FdOLyzbyFjJBlcRmw8b4%2F1QsFcNZN5FF46Jqg7fDWNj5CaOuJEtqo3uSaAxLHO43RCMYBD40iqWaNeYMpOus5JTYBDk2nHMP4aHVCx%2FcONoE3ucVl9zsZvbcebfQHqQGTPjuksp9XuUdeQZ9g2FaJQ4%2B0g1HDVA0X848ldvn7fnwtgZdUuz7xAW3QBdAhdrjSW7pTL3ruaVJreZl%2BplMuLoOoHpIvtv24vryMTW9IVG3Nw0yvbbEPimXKLEN1GB%2FS786hGIu6BLcolad7EMTK1aRiCqA6%2BrrPkSkQjk3bFq%2FUy&nvMid=29030372586&catId=50000248
Apple 아이폰 13 미니 512GB [LG U+],"448,000원",https://cr.shopping.naver.com/adcr.nhn?x=uflrQOlHMpVd7dW6zJpQsf%2F%2F%2Fw%3D%3Dsgqooejekq5285DxqsCSo5yELKTDJpb4Fmb2MU1ihGDyGgjNtjvRyY8TaEm3AQ5UwRDKOuPGbGgAhLOlaKSWOuDT8u71uSjQ5BIyX8LJ0adPJPv%2FOswITtgl4SE0aRwETuozb6j57kr30%2F72TK%2Bnart9%2BKy%2Fm0d%2BgYWHtEf61Jo5CNclKwvLyA%2Fys%2F%2FHPPajLdYhB9y4xrNslRGxEX7B2N2NmcbgLr0lu2cCLGgyX7c9vsepmwRk8o%2FCB4DgHhnjVBmP75jtN3clu%2FgUL7fNN9asJF1TG8DXvuOXRWh2aiSE1QmeK3ZPITzKHcbEnR%2BI8Qfj28sMUbAGDE6NZGAmqgYV6KlVlq%2F7FOtrY2a77gwRcNZN5FF46Jqg7fDWNj5Ca4q6P%2F1zldmQpKNpg8dHpqYBD40iqWaNeYMpOus5JTYBDk2nHMP4aHVCx%2FcONoE3ucOT%2BRsdnHIzNMGl8g3WFMwWnVScQ%2FFP%2BU18lL4YI%2F9byNHyBUXwWVD2ki0TxnNzyxAb99Y%2F8jrTJqzsGmPzyVQ09%2BO%2FjZbUWJuse9KpfnAARpOFzCbaM6OU97uoPifjr7sTAhFK0IVbC47nEYt2jIpwJczG%2BHF5uggMLORZmUzzke%2FVP%2BgM94BPZkP5YJ%2Bex&nvMid=29030419586&catId=50000248
Apple 아이폰 13 프로 256GB [LG U+],"1,299,200원",https://cr.shopping.naver.com/adcr.nhn?x=%2Fpa92fvaVb%2F8%2FSOEzuR2e%2F%2F%2F%2Fw%3D%3DsQ4o4T%2F29n9lA7kESHaffZ0LFe7Nj4MgnfMKUiUD51cvrlQPyQuHoHFsppYbPEdHaHth%2FsexctMA6%2BVrerQDH7YEFo%2F2cMHffxz%2F4Svm7znsbLebV%2Fe86qBoR0iIKSPStRbBT8a6%2FDim5%2FVQTfmQaI4ZnlrSZr8PDPdBCvs8uWtdeJxHcKH4rYUhc5SxvGs%2FQIOdN8lTPKVMrj7SCkjvoUSJO7jbxAC%2FhHJnJbE9pD225SET%2FmTh%2Bwr3iKnDGr9FR8IxUNruEwWAI2yDcS1eL5quKWQN4b7WstTXVRp4V%2Fd2Kx7G3krbJiQXzryuwwOqJziUGfS9C98xj72BKVGLmRtHgovEmHyApCFuRCQmeTEH1QQzCLreNp8sjPDBjStixj1OT%2BvUJUOEzwKKBwf%2FstZSC7HJOCYcxNDUxqY7g60dFiBdPxTSuvYOb67FAYBAGpxy2zgNMJa1at1GSrSd0QKFSqyqIpilcAEJCYE7buIKhzDfp6Y5Zq42WobtISlGzjeAT36cSMbm9rziBVBqwu5dXAb9Rrwm1rHscboRVVIidSlPOZBN6V54TTL6u%2FzFsRGAH42RQxV7IsHw4AovglfabBjuCSwh56QrD804A%2B59vU2Y6hEEwGxc1AZfON9sL4VRAH%2BsMDObarUodGweR8Q%3D%3D&nvMid=29030415586&catId=50000248
Apple 아이폰 13 프로 128GB [LG U+],판매중단,https://cr.shopping.naver.com/adcr.nhn?x=Y%2FnylelryfRbS2%2FNa605Cf%2F%2F%2Fw%3D%3DsBTSaWPas%2FlUBatLgLPXDh5jyUG7ePLjwKJ%2B90KUkYxXrlQPyQuHoHFsppYbPEdHa%2FJra0oiwaYEWBzWEnV7WtWLOZrNOFU5jdWEQr8dA3R0bLebV%2Fe86qBoR0iIKSPStRbBT8a6%2FDim5%2FVQTfmQaI4ZnlrSZr8PDPdBCvs8uWtdeJxHcKH4rYUhc5SxvGs%2FQe6UgzuKFJwGoGXcDYg5YYCJO7jbxAC%2FhHJnJbE9pD225SET%2FmTh%2Bwr3iKnDGr9FR8IxUNruEwWAI2yDcS1eL5quKWQN4b7WstTXVRp4V%2Fd2Kx7G3krbJiQXzryuwwOqJ583fB6gvGxGxfGDs5DkulJs%2BTEuBFIrpm6q0xqxL8Jr1QQzCLreNp8sjPDBjStixj1OT%2BvUJUOEzwKKBwf%2FstRGCgKE6MpEqHNFGypiLnddFiBdPxTSuvYOb67FAYBAGpxy2zgNMJa1at1GSrSd0QGXotJztG4P0PD8hxVbZHhKhzDfp6Y5Zq42WobtISlGzWsq%2FCqyNxmUocZ3D5NLEKCgw8Z1VO3UW0DdJackf28COv%2B%2BG7P8zZs54SDuTec41IFxdNJPgbzwW5gern2SYzvjF0ru7FcGFGUqi1JPGU67Njqh%2FZemCCOboDhnweAmG&nvMid=29030175590&catId=50000248
Apple 아이폰 13 프로 맥스 1TB [LG U+],판매중단,https://cr.shopping.naver.com/adcr.nhn?x=3TP1ZVjG5Aftxsxn0qJmkP%2F%2F%2Fw%3D%3Dss39bksBYr4Cig8xO9Q11Caob346F4%2FYiDAkI%2FOjnnhqGgjNtjvRyY8TaEm3AQ5UwOSZoVuhEZbMpzig9O7hY4jT8u71uSjQ5BIyX8LJ0adPJPv%2FOswITtgl4SE0aRwETuozb6j57kr30%2F72TK%2Bnart9%2BKy%2Fm0d%2BgYWHtEf61Jo5CNclKwvLyA%2Fys%2F%2FHPPajL%2BVDbCdrum3DdlTmOKFgbp2NmcbgLr0lu2cCLGgyX7c9vsepmwRk8o%2FCB4DgHhnjVBmP75jtN3clu%2FgUL7fNN9asJF1TG8DXvuOXRWh2aiSE1QmeK3ZPITzKHcbEnR%2BI8oJvCyRy9VXR80kSEKNy25ggXlkzuVP2R4e6sVfZo%2FnZcNZN5FF46Jqg7fDWNj5Caa2vd%2FXaDWpJAZi1tHFy9yrFJegG5cjolqXymF9sHTJBDk2nHMP4aHVCx%2FcONoE3uVxrykmdUCWVn8SXvu0QPtCxGLb5usdZfjKZzVSZ1kl0OTnITeXUIiGAT3tHOc0GbTKo5CnlLrO%2BPacbML5XxEb819r3h7d0D1g%2F3Nre3yoARpOFzCbaM6OU97uoPifjrxywUzfxHk%2FyoKiyD3V2JzEeW3FguZBv%2BFMHWQuP9xy3ke%2FVP%2BgM94BPZkP5YJ%2Bex&nvMid=29030181587&catId=50000248
Apple 아이폰 13 512GB [LG U+],판매중단,https://cr.shopping.naver.com/adcr.nhn?x=lR2qPABuyD9PT1tE8jpuI%2F%2F%2F%2Fw%3D%3DsgtQK5txyzTz9qempN1LDjxeddPDX%2BffhqEiSGmmvRp%2BGgjNtjvRyY8TaEm3AQ5Uw3TMSsvSbVBRXmEYikvNzSjT8u71uSjQ5BIyX8LJ0adPJPv%2FOswITtgl4SE0aRwETuozb6j57kr30%2F72TK%2Bnart9%2BKy%2Fm0d%2BgYWHtEf61Jo5CNclKwvLyA%2Fys%2F%2FHPPajLFE9QF%2F1S7E7CtXP8syJEuWNmcbgLr0lu2cCLGgyX7c9vsepmwRk8o%2FCB4DgHhnjVBmP75jtN3clu%2FgUL7fNN9asJF1TG8DXvuOXRWh2aiSE1QmeK3ZPITzKHcbEnR%2BI8kDmiwxyjTbllzqq6NmQ%2BZQKUuXpKvZqiIFk4n4JhAVJcNZN5FF46Jqg7fDWNj5Ca1HqFh1ogdBT1KPHTw%2FRddoBD40iqWaNeYMpOus5JTYBDk2nHMP4aHVCx%2FcONoE3uxvd4FH7C8HSLdi0kmjPZ%2FOksp9XuUdeQZ9g2FaJQ4%2B0g1HDVA0X848ldvn7fnwtgFJJF44vweH6quLhMFDaLB51KU85kE3pXnhNMvq7%2FMWy%2B44cHYxxwCGELM32M%2FGhGUIiQiysWibuNry6KCO5il29TZjqEQTAbFzUBl8432wvhVEAf6wwM5tqtSh0bB5Hx&nvMid=29030296586&catId=50000248
아이폰 13 프로 128GB [SKT],판매중단,https://cr.shopping.naver.com/adcr.nhn?x=8Oc85gtnCo%2B3LhWH1hF5Pv%2F%2F%2Fw%3D%3Dsl%2FdjVdnK%2Be27nHSI7Mb%2BTlr1Jh4f8QJ6u%2B0Q6r2vRimGgjNtjvRyY8TaEm3AQ5UwEzt1%2BPv6Fgdp%2BjqiyxjywzT8u71uSjQ5BIyX8LJ0adPJPv%2FOswITtgl4SE0aRwETuozb6j57kr30%2F72TK%2Bnart9%2BKy%2Fm0d%2BgYWHtEf61Jo5CNclKwvLyA%2Fys%2F%2FHPPajLjFhbpbwSIY2kR%2B6Fb8GsqWNmcbgLr0lu2cCLGgyX7c9vsepmwRk8o%2FCB4DgHhnjVBmP75jtN3clu%2FgUL7fNN9asJF1TG8DXvuOXRWh2aiSE1QmeK3ZPITzKHcbEnR%2BI8kQJlDpBqFpXLo7v7%2BQqmBDV3EvmMEePnHrFaRiOyh0lcNZN5FF46Jqg7fDWNj5CaRBOKtfbk8pgCly8A9bSKB8IcmJywkR5Qyl4Eo5J991ZDk2nHMP4aHVCx%2FcONoE3uVxrykmdUCWVn8SXvu0QPtLTJi6wWY4mVKi4nXp1JNKpcZ8pgTGru4bgUYhRhw82x8hggUhMd2MhaIgNjFyqkeZTL3ruaVJreZl%2BplMuLoOrTJK8S29NlSw%2F73ODaSnTyu0XuzZUFaXMaNZ%2FhtEWVeqhGIu6BLcolad7EMTK1aRiCqA6%2BrrPkSkQjk3bFq%2FUy&nvMid=29030177588&catId=50000246
Apple 아이폰 13 프로 맥스 512GB [LG U+],판매중단,https://cr.shopping.naver.com/adcr.nhn?x=wxUEiyltMmkpYruW3c60sv%2F%2F%2Fw%3D%3Ds1XRfmVjCym0NMr7ThXJR5npLUEzh6S0CaoBb2MQTAmuGgjNtjvRyY8TaEm3AQ5Uwk5aK%2BFRWiGu2gt1IicmEBDT8u71uSjQ5BIyX8LJ0adPJPv%2FOswITtgl4SE0aRwETuozb6j57kr30%2F72TK%2Bnart9%2BKy%2Fm0d%2BgYWHtEf61Jo5CNclKwvLyA%2Fys%2F%2FHPPajLpCX%2FcfcvGkZ1AroVE1C4VWNmcbgLr0lu2cCLGgyX7c9vsepmwRk8o%2FCB4DgHhnjVBmP75jtN3clu%2FgUL7fNN9asJF1TG8DXvuOXRWh2aiSE1QmeK3ZPITzKHcbEnR%2BI8bFYtggrj2TBOG9pBCAae5%2BULRFXeVer%2B%2BR6NA%2FC7tZNcNZN5FF46Jqg7fDWNj5Caa2vd%2FXaDWpJAZi1tHFy9ylu04kXdaYr69N9dWySazW1Dk2nHMP4aHVCx%2FcONoE3uVxrykmdUCWVn8SXvu0QPtMyI7UTAGXbjyFUSumeQoOQZyVXP8MBx51PcdtMFtsvBK2ud1b%2BfZwYPU0n%2BzLfOdZiDeE6fxEINQEqAyGYaYCOIDf9TYDOC4LzgCehLsur5mKKXA8gSoTC8z4UZVp24zkUDjnX%2BJqFlfRxDEI3r07pWhZ3SMHTcLlpircdRzUgq1JIslBmdxaTx7xO1%2BPPoWw%3D%3D&nvMid=29030181590&catId=50000248
Apple 아이폰 13 프로 맥스 128GB [LG U+],판매중단,https://cr.shopping.naver.com/adcr.nhn?x=qrR0lsElCYnKpUWyOhFI6f%2F%2F%2Fw%3D%3DsBNLNoowQI8gskIkSL19NlrWcuYJA%2BT%2BdNzAMHJHWXIzrlQPyQuHoHFsppYbPEdHak68Csk%2BW3Ny1W9d%2Bj3NyIhOYa5NhVDGwnfX51VYuti8bLebV%2Fe86qBoR0iIKSPStRbBT8a6%2FDim5%2FVQTfmQaI4ZnlrSZr8PDPdBCvs8uWtdeJxHcKH4rYUhc5SxvGs%2FQkNm1xJaKTkFo%2FuhKZ%2F2UvSJO7jbxAC%2FhHJnJbE9pD225SET%2FmTh%2Bwr3iKnDGr9FR8IxUNruEwWAI2yDcS1eL5quKWQN4b7WstTXVRp4V%2Fd2Kx7G3krbJiQXzryuwwOqJV4V7bE1HX9FuFmWecglLoAYGmqP4VcFiOMBPUerKOa71QQzCLreNp8sjPDBjStixj1OT%2BvUJUOEzwKKBwf%2FstVH7IO5mz83fSiUkSXQZVytFiBdPxTSuvYOb67FAYBAGpxy2zgNMJa1at1GSrSd0QN4u9dXHHCExaTB3By%2FzhJj%2FzaVgfXndF2fkBs0qzZTvfpF8bfclcJjAeddKIqLqoL4HanPJRvSMl6qJHxOBuccBhNg6pO%2F%2Bw6bSRwW%2FduOkPwz522bqeLEMZS%2Bq%2BdN5Zg8APWG780SH2Lym6sqD%2Fo8BNCgGhnJoYyA8V4j2ARcNDVCYCaeglF2rgr1u2OQIzQ%3D%3D&nvMid=29030352586&catId=50000248
Apple 아이폰 13 프로 512GB [LG U+],판매중단,https://cr.shopping.naver.com/adcr.nhn?x=FoUDADKFewjJ3Gen5XX3kf%2F%2F%2Fw%3D%3DsxMu96LyG%2ByX5tv5IOp3NsMoRdqOR8vWClv0PJQRKLBRN4NgkrPIjlczCBjhk2dSMcOKNh4OQfFBVvFtxT6fXejpCvUyOCzdpXRIueIFF2p0302fhXH%2FT1fr6MRLZ91OZ6G0QekoSpESiRc7ZRaEMMcv%2BjB2erv%2BZ%2Brrs5VHOiTQgGE7%2BZatKjf5hEf1XctkK2%2BqVNIqnn63p1JIwf1rssJbkCnZt3PKDnGtnPfTpWXV9gLRMuJH34gK%2BdKxxm2wLTjV%2BLij5ory5MncPjm61HUPg%2F6PYJW9LpCSumzPJoigK7CtQzZWLlur1%2FFge4%2BEpXfD%2FN2L2BjGrCQWxIVnCHJ3o9s%2Bdz1EtU0lCGMA9yI8ftFRTsbvvXWnc5%2F7qDPunQLlFUFVArUyqz78sCltUnS6UxJeah0Om0lkIOZtT9ZLxLbU57LuNzmnFLwGq45KohUDPniGAO4SJwOmG3ywBSjaOWZD02UcGB2wDAxZqi%2BpJm%2F1ne9lUZdiLJ5vX8Pmz30de9R8bHP4eOW1B3D1dQsLSGId%2BZ%2FOYAjRfVwLnTYoL4VKHHi65Y6hFxbhuta6r4MMA3n06ZGFlYhU%2FTuuaUzZvEyfiGJVfqTSZOaTAoyYdHI8FZtQVGFZJxOyBDKc%2B&nvMid=29030295586&catId=50000248
아이폰 13 256GB [SKT],판매중단,https://cr.shopping.naver.com/adcr.nhn?x=VaQUfuqFTc1moFIcsQi%2BZ%2F%2F%2F%2Fw%3D%3Ds4EbjrmCgX13z3BEwUcyDuHv4NXof10LAsn%2ByGiB%2BZERN4NgkrPIjlczCBjhk2dSMB9UrDzbieqOus5BewLyIcjpCvUyOCzdpXRIueIFF2p0302fhXH%2FT1fr6MRLZ91OZ6G0QekoSpESiRc7ZRaEMMcv%2BjB2erv%2BZ%2Brrs5VHOiTQgGE7%2BZatKjf5hEf1XctkKqPJOxSwL%2FjBCvEBrp8qaqZbkCnZt3PKDnGtnPfTpWXV9gLRMuJH34gK%2BdKxxm2wLTjV%2BLij5ory5MncPjm61HUPg%2F6PYJW9LpCSumzPJoigK7CtQzZWLlur1%2FFge4%2BEp6cD5jfAPE5SFlCDreZJc8TGLU6s9nfQJSwdauULeBeyjC4CXGTDb7Q6VtgtS%2BAnmSJnolfw6NIz3r3%2FgdOEtPC6UxJeah0Om0lkIOZtT9ZLxLbU57LuNzmnFLwGq45KooTBMmyFNnky934Uzgkj43Y5C8fyjxaoZshXscIbNMoGrmluF1X6HfZZxDvM1Wcm%2B6AGBCLRTipgl%2FJICBXnvtBLPHBVE1X9hF6ZkrnPWwIQR2FWn3b7W3TB6TBhuleeD1JiW%2BzWXTSGoG8V11wb67scgIRCk8vtGb7Z%2FKGMSEdE%3D&nvMid=29030181591&catId=50000246
Apple 아이폰 13 프로 1TB [LG U+],판매중단,https://cr.shopping.naver.com/adcr.nhn?x=rNL3n8pGxJkazCjumYloHf%2F%2F%2Fw%3D%3Dswq%2Bke%2BsrbFzxK%2Br8p2%2FnvDLCXOVWVClGgmcxY8rrNLHrlQPyQuHoHFsppYbPEdHaeBBefnx0Nqk0XD0FVa%2BNSGLOZrNOFU5jdWEQr8dA3R0bLebV%2Fe86qBoR0iIKSPStRbBT8a6%2FDim5%2FVQTfmQaI4ZnlrSZr8PDPdBCvs8uWtdeJxHcKH4rYUhc5SxvGs%2FQVkRv2VMQOarSwzpSjnl2PiJO7jbxAC%2FhHJnJbE9pD225SET%2FmTh%2Bwr3iKnDGr9FR8IxUNruEwWAI2yDcS1eL5quKWQN4b7WstTXVRp4V%2Fd2Kx7G3krbJiQXzryuwwOqJZ0kKqpT4KTcO42FP08BMzH5OwWaQt1ml4G7iNWOSfnr1QQzCLreNp8sjPDBjStixj1OT%2BvUJUOEzwKKBwf%2FstffPz4Kzo55hV2wPEerKZpVFiBdPxTSuvYOb67FAYBAGpxy2zgNMJa1at1GSrSd0QKlYg3c5nCsOMxqWVMV1WnajriJ8H0NV5nx9%2BVr0aUV2eMr%2Bdn%2By2exSNYYjO74lEwQ7g6NyRWXGKi9eMGU9zIe%2FhgaMkJIhbUi8HFdPXAb3%2BLoNJ2RJNS2dSXoCgYEcr5s%2FepF3tebV8VR3pWBNnWXLVWGr8fvvH1mWvUgXPK6j&nvMid=29030294586&catId=50000248
아이폰13 미니 128GB 공시기준 Apple iPhone13 128G,"39,000원",https://cr.shopping.naver.com/adcr.nhn?x=VyouThXqk4zAAkaOra%2F7cP%2F%2F%2Fw%3D%3DssaeJmucSJ7hKQdsRBUzY8mxyxoXMbzAmGQHSbPG%2BnzjrlQPyQuHoHFsppYbPEdHaerkYzX%2B%2FXBrnNKDsZB%2FMRMouXbnbv3QcyAn3L4Qey70bLebV%2Fe86qBoR0iIKSPStdX0wqlaWzXJaKLloUSzXk1NVcI%2F18ppt353%2FqRWzEBPXkj%2BZW%2F1lJfgqvRvZaBhR6oSEfvzupJmkIgdXgLz98p1EjSy7RTnnAhr8JKKCxOcGiahMyOHjidGFFE5C%2BytXwzpmJQg3%2Bf8hpELf3f%2BnvcHPv45Edr5fvvv%2FlTzZa4VEOnKSk6pZmBmpZwGZXBENiwcEQWao6yyu0mT5O5pCZamydUk78gWIwBVeqjjdKvEFrlQ5OfkOV9gVo1roy04ewUV%2Fqw0DeF8DNPKfzcvvyKDPSFYORZXI8IVKbPEbyKh3Foh4mJEWW25ol0ASLDdDSc4MTlTt0kFAxn%2BH77ChUaMpun%2F%2BduENX2GCNl4ZMEEL6nrfebnckJCqgqS%2F1UnIy1%2BXkMFLXESzKuIWrX%2FAwjYhYCKekPCDvbTMF%2FwJQpdNdNFaXyvSNuSlP1AmYk6Z%2F0A3bCeC4P2wO1qnpeD7v83Gy2z1HodGYAiLsCtCj6kdHI8FZtQVGFZJxOyBDKc%2B&nvMid=38665575984&catId=50001519
아이폰13 미니 128GB 미개봉 새제품,"99,000원",https://cr.shopping.naver.com/adcr.nhn?x=mhVOT1TYfdsJm4yftHxlgv%2F%2F%2Fw%3D%3Ds70uR43dcfrHAd1yrU1SSUh5EsOC51h3enGH%2But5RUDzrlQPyQuHoHFsppYbPEdHaerdNGCoFrOMFoTrRFunTkYEFo%2F2cMHffxz%2F4Svm7znsbLebV%2Fe86qBoR0iIKSPStdX0wqlaWzXJaKLloUSzXk23c5Ny5hIg1d%2BOi4cVMja2haYzj9UMwcS5CviQaJXKY4bu2WUo8bNaOR3gHVWuknOYJ6GBDXo%2BUp7UPwsAqVIHDUKOgquQtKVO%2FpFHWS2XgwDUyDApoPrftrdmi2z6jO22PKGi9SuegsPwLuDPy5%2Bvlnxc9xbaXDH2Bv5I1YK6ogvt%2FySRhuLbSxmRQYkeeirIS2i47BolIQrk7KNTUDDX5%2B5g3y5ntY%2FhENeyXVB%2FTRkExKsY1xQ%2B3jiwS9q0sILngnxQ7ssMZd09T0OjyjIxearTBvydD1LUI3JWpCADII6B%2FhDNjCFdv%2FCTxi4PEPCdigroiFsujs2jc3A9mqmSO6R0gVycVxskIYKQRKK2Jo3rwe3zGQPrhfFZPxslpO3k8bMEqY7ZpcvcQSdtkMpjDzi6XcWNbvKq10qgktmbf8nhI%2FBe6ga9pK3sUH9Jn4moT5ynw%2BHCAUe9POruVNeUKvZINhG2s%2BIDonErAmoM8D6t2xUGcd4zVix306OZigXR9INs9ZpxiOekV5%2FkbMXE7XyqHIh2sQaQapTNX8ddEdR3s6XfRYD7d7bYCEcjYsQN%2BQsjK6V0FLd%2Fybx7qcubNSE3OzZUT76KyqzckASmm&nvMid=42320616520&catId=50001519
iPhone 아이폰13 미니 128GB 256GB 공기계 자급제 A2628 삼사호환 핑크 pink,"787,000원",https://cr.shopping.naver.com/adcr.nhn?x=Y5Alyl32YAcIIFLIy2h6EP%2F%2F%2Fw%3D%3DsCViNNglaayyJV1LH2zaqWjr1CAg%2BLrMeXUH3qFqejU%2FrlQPyQuHoHFsppYbPEdHaBUs0PIfm7FIYzun9NsaIzWLOZrNOFU5jdWEQr8dA3R0bLebV%2Fe86qBoR0iIKSPStRbBT8a6%2FDim5%2FVQTfmQaI%2BPYFsKOGABFhj5ZzjFkFAeKjyp0s01e9YG50wI1msUPe8mHh3Kr%2F0HgY%2FX1roQzxH0MFxt87b6Ryq0oWcUkkkQHp1roBp%2FQ%2FeRCbPpe3P%2FKgPtweeoAAyuAqAHlkROkDmN%2BHgCbGXjrO%2Bi3lZ9jVmKhKbJewIc4UFou5gBHYmU5bJBfocJnVMfnCfsE1hiTqD8l3GAIuWG%2B3eETLhNGciOrilkDeG%2B1rLU11UaeFf3disext5K2yYkF868rsMDqiYboCCB5m6E3zTsoOotTd7oO51O2X%2Flo8tDQlrYxGOShXa1PYAb0zmPF1cRoKRscXU6schd0cdNg%2BXP%2BF6G93E4ipsvnviv5J1vlgjGgBsXDKajV8dDvpd61VggPehrVbjGfETrbe9%2FdsnclBgNV1lAwfscFhN0bCV5E9NHj2UUDL93FP2x3qN1bGy6mN6sSaS0XWwqjdFPuf0Azi6yWgYCgfwTyGCPi2IizrM6M41si1%2BJ%2F4wiDEAysBWh09HD30E9TOKN9gK85dy%2B%2FqS7QOtFgOMqMd49cAvjwJgQFL9JYjwYpjw2cDrbWY3K8FHJWfXoO0OiD%2Fcv%2F1eK6hK%2BFQhoHXgNkHIb%2FYba0YwL38ivLaGimR4pR27mrh1IoDTOSgA%3D%3D&nvMid=44400889656&catId=50001519
애플 아이폰13mini 미니 128GB 스타라이트 자급제,"739,000원",https://cr.shopping.naver.com/adcr.nhn?x=3Ki4aIh1a4pEkWLslB7CKv%2F%2F%2Fw%3D%3Dsn3hMAwAu4Wdf1mDA398PuFZPDzAv9qbvHvXLa9UxuVLrlQPyQuHoHFsppYbPEdHaPr6B3hmnWBpcXi0mAojEk8XDnz9Il83DKrkSWHpqpj8bLebV%2Fe86qBoR0iIKSPStRbBT8a6%2FDim5%2FVQTfmQaI8mscUZuB%2FB3GA4tAdwd4kJn0E%2B7lsL8Xc%2FJzL4VwihdxHVte71hRq6EhkaluFxygk41fi4o%2BaK8uTJ3D45utR1D4P%2Bj2CVvS6QkrpszyaIoCuwrUM2Vi5bq9fxYHuPhKQcOI3E28Us7uJcjW0EA2j22ZVEnbj0dAiMkf2KGAMK%2F6nYt0P5vFdgOY0ddt5wMGTqO%2BPYc7jGgD5gbnD%2BRDl5c6JrXRWTkNDuxTbt5zTvU7Q7vCb7rsmRXjXmutGXYqc2QIFR8sUw%2FKOs6nR4B0fb4UzqpgG2lW7qt7vNJn9YDMndjZlZBsChcL%2BQ2%2FNme3z61ZW8oL9LSrLCL4TfmuPWTB%2Bkf2WbbofrIJaOQwROFNDGCBudCft6iY88DY8HQvSmR8uRuIZ9xTddRTRX4g%2FedjyymPiV8s%2BT%2Fv2%2BIqlojbsFvcLVMsklm6shGHSL%2BjwN%2BQsjK6V0FLd%2Fybx7qcubNSE3OzZUT76KyqzckASmm&nvMid=85266284861&catId=50001519
아이폰13미니 iPhone 13 Mini 128GB 256GB 자급제 화이트,"649,000원",https://cr.shopping.naver.com/adcr.nhn?x=K7nhjhJ4EH1BNpBRlgi8J%2F%2F%2F%2Fw%3D%3Dsom7ptUPhXt51uwaFDc74%2FduT9mWWMNzr1Ti9cDvi%2FfNN4NgkrPIjlczCBjhk2dSMklF%2B3VVCzoJU8Hn4LQi2VjpCvUyOCzdpXRIueIFF2p0302fhXH%2FT1fr6MRLZ91OZtYCVxDgqZqLKJyqJEpwam26IdemuhMaRXNFs4t7grWz%2BdsI0oBV0GFufH9Q6MaoxFfIY%2BPCB7cPKLMqa6pCqHIwfNf5OL8NrhrvWSRtjLSGviwgM8oaIjuD%2B3fc0DmHSsVgljBXkYt3oB%2Fm9yul9KrzL6mwUS4nR1S6XYvtLe1JmwdPqYV0xvl3opzpd9th%2B2%2FtHxWyi4ecAA5PxjZ7GME41fi4o%2BaK8uTJ3D45utR1D4P%2Bj2CVvS6QkrpszyaIoCuwrUM2Vi5bq9fxYHuPhKbEzVQ817b3R6s2MHRTtHB9E1%2FK8OLKGXRQvuYrlJ4%2FODG4evy%2BM13j64UYOnhTyGU8%2BzE0GjqhfjJY%2FhFDPBjR6K503jBTFiO%2BslOwbxo4OhUn1erccmWYkEqXzKLecbiTlyjqAgpJqzKw9ZcAyVVE0iyVBUHeBG4r3NElVAPCu1eZR8dR8skjTf2H8y3oD7wyNjJ%2BUqwmyKY0jQE84v9eapKGfJd04eHFMns0SQr4kLwWXT7OwinSOD0ijHye%2BynwJeXbnU6mZaLN%2BXPYoRZwbT10FHxiXfs4OUge7Sel1Rj7DnljyXgNZpJX9EcC7IccgIRCk8vtGb7Z%2FKGMSEdE%3D&nvMid=44222948287&catId=50001519
애플 아이폰13미니 256G 자급제 새제품 공기계 정품,"269,000원",https://cr.shopping.naver.com/adcr.nhn?x=QuKRO7%2FZZQr1Fjp%2F9tzlAP%2F%2F%2Fw%3D%3DsI4UKqLqG20wnw13l21aaB1lLEm9gLfOXvRbVDcYJvWuGgjNtjvRyY8TaEm3AQ5UwaXpEwzHgvu0v64DPd6kfEDT8u71uSjQ5BIyX8LJ0adPJPv%2FOswITtgl4SE0aRwETPpdlQEkHLtcEX4JiibdDaVi393%2FfVqWWsor6vo8eno%2BO%2FsdgQE5FIA0Tw1QMogpFjba5%2BwYR8LPgFrvc%2B3VpW%2B9NdaW8cB5BkV5gqIcNho%2FkAjMKs69eQ8aL5VY3lBOVq4pZA3hvtay1NdVGnhX93YrHsbeStsmJBfOvK7DA6olV%2BdTjZR6y9fd27kdjraVI9jU2lP6pLBBXSwWyLU369QxuHr8vjNd4%2BuFGDp4U8hmLi%2Fvi7UuEwNYPxmm5qX1Xxv197fyjYSyXFrroWYEUds4CiJ2hrBzfs3DiOfsDkiUAIdoM55z32WfHJIKzf2ptSD8ZqRgRkfXYHEqj%2FISLg3GtBbMTp5%2BNTpXgtnvaQrYjIlO8qZ%2ByZ55STFhoWygwhNP2DttZ0VO4enzxaebBvKbJJHjEfJRdbps8AmhLIaZ8CXl251OpmWizflz2KEWcjZMCzu0SeSbToD2%2B%2Fvu3fNX4Ghc1oec8qZfhLuwNI7nHICEQpPL7Rm%2B2fyhjEhHR&nvMid=39992375225&catId=50001519
[내일도착] Apple 아이폰 13 mini 자급제,"760,000원",https://cr.shopping.naver.com/adcr.nhn?x=UvHwnEW%2FihejnLiSlK7OQv%2F%2F%2Fw%3D%3DsoDoXn2ExSUMeVYoGsLtV%2BnT%2BlJ5Oqq2dW6K%2BbwQIKpTrlQPyQuHoHFsppYbPEdHaccZFEq0CI7rHHFnGYp%2BeqcouXbnbv3QcyAn3L4Qey70bLebV%2Fe86qBoR0iIKSPStRbBT8a6%2FDim5%2FVQTfmQaI%2BPYFsKOGABFhj5ZzjFkFAeKjyp0s01e9YG50wI1msUPNqCrAzrAN2u3Xvc5GqZoIOM%2BGldznFno1jPD0K1Zlx5LaroMLJJo67AhJvQAAyli8dP51M%2Fco%2BQHSmlmGtiCX9tcwuIfdmZkuLgoBSXnnSqQtiu1xPGCFa2BLi4lmrUedh6ne8ydZ7xzQKPFjIMaXFfi7J2aiR5QBT%2F2xlySlCPDOmYlCDf5%2FyGkQt%2Fd%2F6e9wc%2B%2FjkR2vl%2B%2B%2B%2F%2BVPNlrhUQ6cpKTqlmYGalnAZlcEQ3cxWnQyCzhrp%2FfkLiZtx563%2BU0ZuHm5HqkeecUzAqVoz1MV%2BdFuGSgLSYuz8zKx8Ki0%2BF6JDl99QRUjBY4x3PdU6awWYza6KD0UVE25dQecFs%2B128AmngvoFHkGNepi5%2FgC3GQ2OlCCHb3HFfD5t2TrUGCjiW1BJIfvf7DVOQ8GjbVZIUAH0xUhdUd71qFyOW8fVBYfaYgJh105Ji3KVgRNiFgIp6Q8IO9tMwX%2FAlClzZ5bgzRzpjk5ARtOsMFk%2Ba1qxN23UaLYeieK0DR8Xu9Os%2B4Gk3pftaSg8r3j02P9h0cjwVm1BUYVknE7IEMpz4%3D&nvMid=44297102257&catId=50001519
[아이폰] 애플 아이폰13미니 128GB 미개봉 미개통 새상품 정품,"58,200원",https://cr.shopping.naver.com/adcr.nhn?x=VEpT9oMTWabGUHIjr1v8nP%2F%2F%2Fw%3D%3DsfFsvFxEOXTR1znwYixqKKzBbT2kNX4K5QBUYpDaHaGVN4NgkrPIjlczCBjhk2dSMF1oPwK4b1aNmkeuD5dIubjpCvUyOCzdpXRIueIFF2p0302fhXH%2FT1fr6MRLZ91OZwfbkrySBJ%2F0JpTku2oDRit%2B5CcYT6i7R71k9hGw5oerHaRPVsse2J3%2FKtbqGlV34s4PxzUzI2Oc23YAEU0dtMRYQqLSExQ7oce60cZeCqIjmVuOoHJ3WDSw%2F4zABJZ0U%2F6Ko6CiZ1dJA1DjEv7D5%2BDHs%2FaNFlrDEMNWFQZJMALfffisv5tHfoGFh7RH%2BtSaOAFJNLWxG%2Fj2gEfGb7GroeE%2FnqsC%2BTJ%2BOlpx8hSu6O%2BaGiUQ3hlvgSMhu%2F0JLr39j2HvQrG1q57G6KIPveES%2FyGX%2B5eVCi2tb%2Fl6IyaQdVsNcu%2BvaIOE9DRmOrw%2Bsfhbne61KmCaqWSwL16ND3tKJ12ZTzQm%2FJCTPv1HJ4ZwU%2BN9yNBDhE5Wbb%2FN89hrZKig5e%2BOwHMIT70ByKWjEYpj96BJfI5nR5j2b808dndDFoWp0dunJl8oHqblqcTe7zMNNnLorCOoVSPlL13YCqDc6hp6UCkzxZxg7GCgM2VcWIJophM4Xkqwer6KAYBzWkB5nqVyVhz8IKqGUlT%2Bzpc50NcMuz3Uoo%2FUqafyFkJaC5ewXoczG2znvRqVN3rR2i%2BgKBq7h9PA5SrIXrcWPClBGWw%3D%3D&nvMid=39993191428&catId=50001519
아이폰13미니 iphone 13 Mini 128GB 256기가 자급제,"898,000원",https://cr.shopping.naver.com/adcr.nhn?x=byOJjjspB0jXFaT1zi4IdP%2F%2F%2Fw%3D%3DsUXxrJalgFjFzSD4fZGjNR61QQjBc9T2FaM5Yo%2FLKYcTrlQPyQuHoHFsppYbPEdHaGYXnj95sPBYNFK2EZ%2F8dv8ouXbnbv3QcyAn3L4Qey70bLebV%2Fe86qBoR0iIKSPStRbBT8a6%2FDim5%2FVQTfmQaIxcatm9B2veASW0kGa8JRaVdIQP9Fauc8IpTXCaslz9Qyn4p%2BhcDGDLGoAA9e5VbXJuFvjNnOmOAp0WpH2x8B%2F0gv99fYugJMaHGchHZFMiX26YRrUgC1yvjaCZiO1TqnA7yW7ZLj9q8%2Bly1YMcjiJjCN4wSuq4zJbY4rgPI14Pw6uPvqHpY6Z4GLhHR9n6bDF18On0%2B4OT76dMX121gsZ4Hs%2F2PHkpmvWjL2qy1nHubPcIU8dA8pRf6ZiBiSE75lC7UmfjMcwJ6mWeVZDxsFhApqKrfV6tsuZtspPK5aGrUPUxX50W4ZKAtJi7PzMrHwngwQYglF0wlmxQ3nLPog6h5PGzBKmO2aXL3EEnbZDKYsj88D7vDfDw0pTE%2FPcz2Q3M0WMRrb%2FqL9T3i6Ik3%2B9yPfEw5THqZVWlqGhGf3ERUHrvT0r1WGUTzMOeYo3W574cyiVvg10Nt34VKXxeA%2FEickpzhvNxxQKitem8cagJhLoIg4eUvJ%2Fu0XNDHjbs4HQnSwRp0C%2F3MN5twkrg0UfzehQZbllmeATmBFoTowafm5Hv1T%2FoDPeAT2ZD%2BWCfnsQ%3D%3D&nvMid=44971322755&catId=50001519
Apple 아이폰 13 미니 정품 128GB 새상품,"143,280원",https://cr.shopping.naver.com/adcr.nhn?x=pAcT453u1rawno3bbVeKmP%2F%2F%2Fw%3D%3DsZPrk8gaMidTKjv6%2FlMH3e65yFZ4Eaw4cgaIIEmf%2FetXrlQPyQuHoHFsppYbPEdHaHPe635VQoDY730D03qUQqPnvuPZopg592oWoU7BfjFobLebV%2Fe86qBoR0iIKSPStRbBT8a6%2FDim5%2FVQTfmQaIy%2BYxcAxQnoCnUx3jjIiOILcAdZDhcUNQhYf4Z7nu%2FXG16jkJuvIqZkI8jPbs1XkqyIT3jcRNLKU%2FKVpqOA%2FXMkhJfWji9Hn%2BPWkS97H0XLTYwfZF4HM0Y26j9XRD7X4lquKWQN4b7WstTXVRp4V%2Fd2Kx7G3krbJiQXzryuwwOqJBYlxooYjkA5Hd0y1rkZ4oCu%2FMAQVe1RF5WorvflPzTHHvY%2FUzN94OzIr5wG3PfiA45XVH4DBiBqlmywgnSY3CupYs4OsecMghFhnRgFgEf8U0KYvN65q1ZzViC%2BZXQ3UC%2BPCK4hWZVak%2FmlGHuf2bP3uY2BQjy3MNzV5fTH1KK47pQVzBu1lVDTRj7Meeu%2BXX21JrS3IFsgP9%2FuItp3YGg2kKsXDAlIAKB8W1vrsHkNlNzdJFgkoR1MOL3Zb6EWF4rMV9ZrrhLWbcgD6gmledsVq77Y9E6WEBeVrjgwrvR5Xc50eBITwugSNPH3Ok09sVpGw61BSdoQRvEGgfFlc5w%3D%3D&nvMid=43782757866&catId=50001519
갤럭시A24 A34 아이폰13미니 폴더폰 새상품 학생폰 입학선물 알뜰폰 LG SK KT,"29,000원",https://cr.shopping.naver.com/adcr.nhn?x=iHoUXXHzZjjSY1doogL5Bv%2F%2F%2Fw%3D%3Ds5S%2BwNHwsofV6nDKglH8A6yZTYKxX10I87CojNuvKSX7rlQPyQuHoHFsppYbPEdHaLb37JT34FlVdWyGYPp%2FjrvnvuPZopg592oWoU7BfjFobLebV%2Fe86qBoR0iIKSPStRbBT8a6%2FDim5%2FVQTfmQaI8mscUZuB%2FB3GA4tAdwd4kJn0E%2B7lsL8Xc%2FJzL4VwihdTvlNj10icHW4PuQW%2FY%2FyGk41fi4o%2BaK8uTJ3D45utR1D4P%2Bj2CVvS6QkrpszyaIoCuwrUM2Vi5bq9fxYHuPhKUNinH0zcu0kDbRu9ZzfrERVkix69KeLgr7c52%2Fd6QOJV36ogsAbT2GMBHUreotiQNtT0wFh3xbS4nwKK6LVN0bTcjy5UxUmpr3Xf%2FFJ36I4KwgTiTu9%2F2ziQncV00mlQtgXsv8lUmBT3S7Z1vwA7VkMfti9VFfn63%2BlhoBrLISGyI%2B1qhoy2QXwT4k8Yin0Wbwyu0dWnBvtV3fiO4FIGVTwscW4AyVbygcpFDNUzKEbRmvYmukNkhcu%2ByPBfWTuA9WocfX%2FEEiB1ih%2FDSrBjnh4N0%2BdUJhni6HXdkEYmbZblfJnAWrZGZFFTKIO28GhUElZzAmn19maVFOGqkNK%2BozZFklee9QGGqZmRwonbh93sXRyfvyIea14%2FvNId%2FKqrwau4fTwOUqyF63FjwpQRls%3D&nvMid=87135230562&catId=50001519
애플 애플 아이폰13 프로 (13Pro) 256GB 자급제폰 기기변경 KT 직영점,"388,000원",https://cr.shopping.naver.com/adcr.nhn?x=51%2FWFPrpZ8PkX7zlgOhgFv%2F%2F%2Fw%3D%3DsmRy3Y80viAb5k2HQO20UYGIfPByxZkUXZeWoS6P3Jt2GgjNtjvRyY8TaEm3AQ5Uwds6l%2FoI%2BDPxBHGMw5RwOujT8u71uSjQ5BIyX8LJ0adPJPv%2FOswITtgl4SE0aRwETgleeWBWyOzfEL1%2B4ocXMZcNHgaylo8oOLD%2BoSlOgwQ0CHQNNLjv%2FUbY4TLZErh461tlHnLGeH66LUwoQyPsAcPFjcOJOGwMicW6W%2B6G0nG7v93ckZQzkDLAuTVmBEVK8pOr9sPYwajBkeE07IGGkJ5SCPsmGKllbt0kl8XIxCXQzny1yFNmVevwnuC7meSDXhqQvwmR%2FqlT0jQuNbOPrwo5GHpLFOK6X%2Fmv%2B2QMLXoerHJFnIDr7L9yJ9B%2Bvb%2BGIG3V5kR2aoUxWKHkGQVuhcqhYahypTALRtOsn3ak2p5Xhoh4qHrsxUnbmOu5bdJVeCjZTKzyT2AQYC%2B5pl%2FZI87rUyXVmPXpghIjnKPuZvxYBy2en2U7lpDV%2BdWpw8K2nC%2Bp633m53JCQqoKkv9VJyHISGUT9PSFYjvqwww7g%2BQg2IWAinpDwg720zBf8CUKXVhB2jDsnj30eQ%2Fi36tDedAg61FLMAGoBU9J%2BaacgReyt62QNmy4yd80NKiSVjPlXHRyPBWbUFRhWScTsgQynPg%3D%3D&nvMid=39558601637&catId=50001519
